Wall time,Step,Value
1669433605.419964,0,0.8390786051750183
1669433687.175749,1,0.8485541343688965
1669433768.730823,2,0.8568861484527588
1669433850.400859,3,0.8575395941734314
1669433931.773662,4,0.8617873191833496
1669434013.617052,5,0.8676686882972717
1669434092.596055,6,0.8691390156745911
1669434172.272223,7,0.8694657683372498
1669434252.144208,8,0.866851806640625
1669434331.786449,9,0.8706094026565552
1669434412.253862,10,0.8704460263252258
1669434490.726299,11,0.8653814792633057
1669434573.637344,12,0.8719163537025452
1669434654.758145,13,0.8688122630119324
1669434733.242167,14,0.8609704375267029
1669434811.973094,15,0.8454501032829285
